Name,Company,Address,Email,Phone
Damon Davila,Potts-Munoz,"MD, 22797",damon.davila@gmail.com,4295136690014735551
Mackenzie Garrett,Morrow-Pacheco,"AE, 25315",mackenzie.garrett@gmail.com,7896710581604776549
Hailey Suarez,Dean Group,"KY, 89832",hailey.suarez@gmail.com,8541768073166456944
Debra Escobar,Buchanan LLC,"AP, 29027",debra.escobar@gmail.com,2970892062930378694
Marcus Heath,Huynh Group,"VA, 11398",marcus.heath@gmail.com,-7317734617393393341
Kelsey Mahoney,Combs Inc,"NY, 12208",kelsey.mahoney@gmail.com,-1553757567589057093
Brooke Cooke,Keller PLC,"GA, 87603",brooke.cooke@gmail.com,-1311898094680361847
Ellen Pope,"Durham, Page and Barker","LA, 53678",ellen.pope@gmail.com,-1835596556955447368
Allen Jimenez,Saunders-Obrien,"IL, 68404",allen.jimenez@gmail.com,4551543744097366013
Kerri Salinas,Shaw-Berger,"VT, 06035",kerri.salinas@gmail.com,2567754840318494159
Meagan Sanchez,Hickman-Torres,"CA, 45331",meagan.sanchez@gmail.com,-7125670232491163203
Crystal Wilkins,Charles-Rice,"VT, 77741",crystal.wilkins@gmail.com,6614619708735810433
Russell Allen,"Ibarra, Mcdaniel and Larsen","KS, 39012",russell.allen@gmail.com,2557594207164739750
Sharon Simon,Henderson-Odom,"NH, 63411",sharon.simon@gmail.com,-8623409333005660807
Anna George,Martinez-Key,"NM, 72366",anna.george@gmail.com,3695982944141854935
Javier Nicholson,"Gill, Rasmussen and Dunn","LA, 92952",javier.nicholson@gmail.com,-7210529297192839699
Bridget Joseph,"Cardenas, Whitaker and Mcintyre","UT, 44508",bridget.joseph@gmail.com,7909695790593376917
Rachel Bentley,Arellano LLC,"KY, 72797",rachel.bentley@gmail.com,-3762625623732531603
Haley Arellano,Greer PLC,"IA, 44738",haley.arellano@gmail.com,3921415395592814883
Matthew Molina,"Gordon, Burns and Vaughan","KS, 46928",matthew.molina@gmail.com,-7739834395221516755
Jon Sosa,Hicks Ltd,"AZ, 88495",jon.sosa@gmail.com,-2253178085831537119
Laura Atkins,Kidd Ltd,"KY, 24627",laura.atkins@gmail.com,-1557659274231169974
Patrick Beltran,Gregory-Li,"AE, 09571",patrick.beltran@gmail.com,-6256299323160529757
Tristan Cohen,Burton Ltd,"OK, 22556",tristan.cohen@gmail.com,-1177514778372830294
Katrina Payne,Lozano LLC,"AE, 02223",katrina.payne@gmail.com,-8276570439686399854
Jaime Hayden,"Spears, Keller and Madden","TX, 60723",jaime.hayden@gmail.com,-4909041307356030633
Nathan Lewis,"Marsh, Reilly and Novak","DC, 91611",nathan.lewis@gmail.com,5165726290050478319
Gilbert Mccullough,Golden-Villa,"OH, 81758",gilbert.mccullough@gmail.com,425403281328767373
Troy Krause,Daniel Inc,"WV, 83324",troy.krause@gmail.com,8828405713206561711
Lynn Shelton,Randolph-Atkinson,"FL, 35911",lynn.shelton@gmail.com,-989618555306953050
Kaylee Hartman,Moses LLC,"NM, 09554",kaylee.hartman@gmail.com,-4599917025475026746
Yvette Jackson,Mccullough-Rivers,"OK, 72951",yvette.jackson@gmail.com,-6145522517656038970
Bonnie Powers,"Norton, Smith and Levy","DE, 03129",bonnie.powers@gmail.com,6332661057012005181
Randall Crosby,Craig Inc,"AR, 03172",randall.crosby@gmail.com,4242033612676113294
Anita Bentley,Rose LLC,"WV, 87538",anita.bentley@gmail.com,-174973876519918782
Rebecca Downs,Jefferson and Sons,"AL, 50588",rebecca.downs@gmail.com,1010269876760714453
Gregory Villanueva,"Reed, Velasquez and Fox","MO, 50514",gregory.villanueva@gmail.com,7985229884480048142
Jasmin Sutton,Sharp-Frost,"TN, 02498",jasmin.sutton@gmail.com,3988394259765643369
Andrea Mcfarland,Chen Ltd,"KY, 59251",andrea.mcfarland@gmail.com,1475097105739384786
Regina Dickerson,"Townsend, Gallagher and Waller","NM, 13266",regina.dickerson@gmail.com,-9069590054068015781
Ariana Carr,Simpson Inc,"NE, 39945",ariana.carr@gmail.com,-2726980421787765657
Kathleen Morgan,"Murphy, Cooley and Castillo","AA, 95090",kathleen.morgan@gmail.com,6752301885239549230
Charlene Holder,"Patton, Dodson and Jenkins","ME, 83764",charlene.holder@gmail.com,-4496982536723543205
Deborah Moyer,"Mcmahon, Castaneda and Hensley","AR, 99284",deborah.moyer@gmail.com,1120238676657581449
Misty Fritz,"Weeks, Richards and Randall","WI, 21353",misty.fritz@gmail.com,-7029117070218418074
Melvin Morrison,Bradshaw LLC,"TN, 79512",melvin.morrison@gmail.com,2594665854494224268
Clinton Aguirre,Bowman-Johnson,"TX, 22494",clinton.aguirre@gmail.com,6395037497613881659
Janice Madden,Conrad PLC,"NJ, 37300",janice.madden@gmail.com,1410872294431194676
Maria Montgomery,"Franco, Huang and Love","LA, 80523",maria.montgomery@gmail.com,-5341403848395512964
Jackson Rodriguez,Thornton-Vance,"WA, 65264",jackson.rodriguez@gmail.com,6651130221219871830
Marisa Valenzuela,Diaz-Meyer,"AA, 77467",marisa.valenzuela@gmail.com,8866322189325871351
Daniel Reyes,Woodward-Watson,"LA, 05134",daniel.reyes@gmail.com,775573392198978492
Alexa Valenzuela,"Lara, Hays and Mcmillan","WA, 37542",alexa.valenzuela@gmail.com,4260717180146060449
Mason Neal,Hawkins Ltd,"LA, 59143",mason.neal@gmail.com,617905664459894232
Morgan Ballard,Whitney PLC,"IL, 69587",morgan.ballard@gmail.com,-7566133287856763613
Barry Middleton,Jacobs-Norris,"WI, 73719",barry.middleton@gmail.com,2189030549130759911
Jeanne Contreras,Patel-Hooper,"OR, 83446",jeanne.contreras@gmail.com,1728858161553455222
Joel Rosales,"Hartman, Pham and Jones","KY, 64120",joel.rosales@gmail.com,4292182909395383979
Jeff Crane,"Parker, Carlson and Villa","ND, 73465",jeff.crane@gmail.com,1000602104627208016
Kent Simon,Green-Medina,"NJ, 63804",kent.simon@gmail.com,-2653968379317459546
Ariel Powell,"Barrera, Maxwell and Delacruz","ME, 64118",ariel.powell@gmail.com,-6722306791835439606
Clifford Daniels,Mays LLC,"DC, 06374",clifford.daniels@gmail.com,3790597296376213370
Kristie Preston,Dennis-Hudson,"MN, 61005",kristie.preston@gmail.com,8265645989441529819
Yesenia Rowe,Galloway PLC,"OK, 62166",yesenia.rowe@gmail.com,4274652760326796636
Eileen Strong,"Wolf, Potter and Potts","ME, 74109",eileen.strong@gmail.com,-5517564353901125327
Willie Mahoney,"Pratt, Walker and Patton","AP, 27542",willie.mahoney@gmail.com,2254501260774567581
Edgar Casey,"Adams, Lindsey and Sherman","MI, 88343",edgar.casey@gmail.com,-9017232223495362225
Tracie Holden,Price-Kelly,"AA, 97758",tracie.holden@gmail.com,-3716398515309740040
Bobby Reilly,Holloway-Munoz,"ME, 78856",bobby.reilly@gmail.com,-8784998808280598826
Gabriella Quinn,Callahan Group,"WI, 21619",gabriella.quinn@gmail.com,4858966636392168552
Edgar Vang,Norman PLC,"DC, 61162",edgar.vang@gmail.com,-8110160711206407008
Calvin Gross,Kelley PLC,"OR, 36171",calvin.gross@gmail.com,5623830251275875199
Alexandra Fuentes,Patterson-Horne,"NM, 48618",alexandra.fuentes@gmail.com,55719046372976017
Norma Mcguire,"Cain, Cameron and Lloyd","ND, 24990",norma.mcguire@gmail.com,9105047353158519096
Jeanette Pugh,"Carson, Jennings and Mckay","CA, 22590",jeanette.pugh@gmail.com,2666049081619511012
Marissa Foley,Rangel-Morris,"AP, 71737",marissa.foley@gmail.com,2791391700318287878
Dan Sellers,"Schroeder, Dunlap and Fletcher","TX, 40188",dan.sellers@gmail.com,4885204852341595077
Kaylee Riddle,Castro-Marshall,"WV, 24619",kaylee.riddle@gmail.com,6950848543470708542
Frank Underwood,"Olson, Pratt and Brock","FL, 31756",frank.underwood@gmail.com,-6536035534958381020
Sandy Good,"Wise, Cameron and Velez","AA, 69451",sandy.good@gmail.com,-7562029458414162366
Isabel Yates,"Buckley, Mccoy and Mcguire","AK, 39272",isabel.yates@gmail.com,3525653254809714440
Dawn Ho,Reynolds-Walton,"MD, 75075",dawn.ho@gmail.com,2815151277329926217
Shawn Young,Walters Ltd,"WA, 70580",shawn.young@gmail.com,7449220487685981375
Shelly Combs,Murray PLC,"KY, 55692",shelly.combs@gmail.com,6039456563076261021
Yvette Gonzalez,Odonnell-Castaneda,"WA, 04081",yvette.gonzalez@gmail.com,-6382562135649360650
Anthony Jordan,Gay LLC,"OK, 51963",anthony.jordan@gmail.com,-2784759590321076466
Trevor Wall,Floyd PLC,"RI, 53576",trevor.wall@gmail.com,-5233176489665810838
Hailey Camacho,Long-Nicholson,"MN, 39582",hailey.camacho@gmail.com,-2563179029344566994
Kathleen Flores,Hurley-Peck,"TN, 98529",kathleen.flores@gmail.com,-2671056064918511325
Keith Castillo,Ramos and Sons,"UT, 62369",keith.castillo@gmail.com,-337861014250431675
Xavier Mcfarland,Mitchell Inc,"KY, 60653",xavier.mcfarland@gmail.com,-3094139168305432984
Allen Stewart,Campbell-Medina,"OR, 89295",allen.stewart@gmail.com,2187555979185019493
Betty Mcdaniel,Padilla Ltd,"MS, 78986",betty.mcdaniel@gmail.com,2655763977302566073
Jeremy Lambert,"Case, Potts and Kennedy","MS, 59719",jeremy.lambert@gmail.com,621649142384604336
Leonard Orr,"Jacobs, Hull and Wilcox","VA, 22083",leonard.orr@gmail.com,-1287972228458917766
Bernard Cordova,Herring Ltd,"MT, 88642",bernard.cordova@gmail.com,1408441081907119882
Cody Blanchard,"Webb, Guerrero and Duke","TN, 08312",cody.blanchard@gmail.com,2367512290890878034
Chris Ingram,Tapia Group,"SC, 10609",chris.ingram@gmail.com,4102336461279899238
Douglas Daugherty,"Fox, Holland and Mayo","AA, 89469",douglas.daugherty@gmail.com,54294039103713197
James Mcdaniel,Mcguire LLC,"NJ, 35195",james.mcdaniel@gmail.com,450257533065399980
